hub,lat,lon,rationale
Delhi-NCR,28.6139,77.2090,National Capital Region formal recycling and refurbishment cluster
Moradabad,28.8386,78.7733,Documented electronics-recovery industrial cluster in Uttar Pradesh
Bengaluru,12.9716,77.5946,South Indian formal recycling and authorised-refurbisher concentration
Hyderabad,17.3850,78.4867,Telangana authorised processing cluster
Chennai,13.0827,80.2707,Tamil Nadu authorised processing cluster
Mumbai,19.0760,72.8777,Maharashtra metropolitan processing cluster
Pune,18.5204,73.8567,Western industrial processing cluster
Ahmedabad,23.0225,72.5714,Gujarat authorised processing cluster
Kolkata,22.5726,88.3639,Eastern metropolitan processing cluster
